{"cameraMode":{"drawMode":0,"name":"Shaded","section":"Shading Mode"},"sceneLighting":true,"audioPlay":false,"sceneViewState":{"m_AlwaysRefresh":false,"showFog":true,"showSkybox":true,"showFlares":true,"showImageEffects":true,"showParticleSystems":true,"showVisualEffectGraphs":true,"m_FxEnabled":true},"in2DMode":false,"pivot":{"x":15.214128494262696,"y":-0.2287697196006775,"z":4.760448455810547},"rotation":{"x":-0.016021698713302614,"y":-0.5890721678733826,"z":0.011650240048766137,"w":-0.8078685402870178},"size":13.93051528930664,"orthographic":false}